title,Total Donate
Trustee,very high
Secretary,very high
Commissioner,very high
Trustee,very high
Trustee,very high
Chief of Mission,very high
Chief of Mission,very high
Trustee,very high
Trustee,very high
Trustee,very high
Member,very high
Member of the Board of Directors,very high
Trustee,very high
Trustee,very high
Chief of Mission,very high
Public Delegate,very high
Chief of Mission,very high
Trustee,very high
Deputy Director,very high
Chief of Mission,very high
Chief of Mission,very high
Chief of Mission,very high
Trustee,very high
Chairperson,very high
Trustee,very high
Board Member,very high
Assistant Secretary,very high
Chief of Mission,very high
Trustee,very high
Chief of Mission,very high
Assistant Secretary,very high
Board Member,very high
Under Secretary,high
Chief of Mission,high
General Counsel,high
Deputy Secretary,high
Chief Counsel,high
Chief of Mission,high
Member,high
Board Member,high
Chief of Mission,high
United States Attorney,high
Under Secretary,high
Secretary,high
Member of the Board of Directors,high
Secretary,high
Assistant Secretary,high
Member,high
Chief of Mission,high
Chairman,high
Director,high
Commission Member,high
Under Secretary,high
Chief of Mission,high
Member,high
Deputy Secretary,high
Chief of Mission,high
United States Attorney,high
Assistant Secretary,high
United States Attorney,high
Board of Governors,high
Assistant Administrator,high
Assistant Administrator,high
Vice Chairman of the Board of Directors,high
United States Attorney,high
Under Secretary,high
Representative,high
Director,high
Federal Co-Chairman,high
Chief Agricultural Negotiator,high
United States Attorney,high
United States Attorney,high
Administrator,high
Deputy Secretary of Energy,high
Board Member,high
United States Attorney,high
Deputy Secretary,high
Trustee,high
Chairman,high
Solicitor,high
Under Secretary,high
Secretary,high
Deputy,high
Chief of Mission,high
Ambassador,high
Deputy Administrator,high
Public Delegate,high
Assistant Attorney General,high
Member of Board,high
Member,high
United States Attorney,high
Assistant Secretary,high
Assistant Secretary,high
Parole Commissioner,high
Member of the Board of Directors,high
United States Attorney,medium
Member,medium
Director,medium
Assistant Secretary,medium
Commissioner,medium
Member,medium
Council Member,medium
Deputy Administrator,medium
Director,medium
Under Secretary,medium
United States Attorney,medium
Assistant Secretary,medium
Representative,medium
Administrator,medium
Under Secretary ,medium
Commissioner,medium
Commissioner,medium
Secretary,medium
Assistant Secretary,medium
United States Attorney,medium
Assistant Secretary,medium
Assistant Secretary,medium
United States Attorney,medium
Board Member,medium
United States Attorney,medium
Member,medium
Assistant Secretary,medium
Council Member,medium
United States Attorney,medium
Member,medium
Chief of Mission,medium
Commissioner,medium
Board Member,medium
United States Marshal,medium
Chief of Mission,medium
United States Marshal,medium
United States Marshal,medium
Member,medium
Assistant Attorney General,medium
Member,medium
Chairman,medium
Commission Member,medium
Assistant Secretary,medium
Member,medium
Board Member,medium
United States Marshal,medium
Assistant Secretary,medium
Secretary,medium
Member,medium
Chief of Mission,medium
Commissioner,medium
Under Secretary,medium
Member,medium
Council Member,medium
United States Attorney,medium
Deputy Administrator,medium
Chief of Mission,medium
United States Attorney,medium
Deputy Director,medium
United States Marshal,medium
Member,medium
United States Attorney,medium
Chief of Mission,medium
Chairman,medium
United States Attorney,medium
Chairman,medium
Deputy,medium
Deputy Director,medium
Member,medium
General Counsel,medium
Chief of Protocol,medium
Governor,medium
Coordinator,medium
United States Attorney,medium
Special Counsel,medium
Chairman,medium
Representative,medium
Assistant Administrator,medium
Executive Vice President,medium
Chief of Mission,medium
Member,medium
Board of Governors,medium
Council Member,medium
Federal Co-Chairman,medium
Under Secretary,medium
Member,medium
Assistant Secretary ,medium
Commissioner,medium
United States Marshal,medium
Representative,medium
Commissioner Member,medium
Board Member,medium
United States Marshal,medium
Council Member,medium
Member,medium
Commissioner,medium
Inspector General,medium
Commissioner,medium
United States Attorney,medium
Chairman,medium
Assistant Secretary,medium
Inspector General,medium
Parole Commissioner,medium
Chief of Mission,medium
United States Marshal,medium
United States Marshal,medium
General Counsel,medium
Member,medium
United States Marshal,medium
Commissioner,medium
Trustee,medium
Deputy Director,medium
Deputy Director,medium
Assistant Secretary,medium
United States Attorney,medium
Inspector General,medium
Commissioner,medium
Inspector General,medium
Chief of Mission,low
Federal Co-Chairperson,low
Assistant Secretary,low
Chief of Mission,low
United States Marshal,low
Deputy Secretary,low
Assistant Secretary,low
Assistant Secretary,low
Member of the Board of Directors,low
Member,low
United States Marshal,low
Member,low
Member,low
Commissioner,low
Assistant Secretary,low
Chairman,low
United States Marshal,low
Member,low
Assistant Secretary,low
Assistant Administrator,low
Member of the Board of Directors,low
Member,low
Director,low
Director,low
Deputy Under Secretary,low
Member,low
Chief of Mission,low
Assistant Secretary,low
United States Attorney,low
Archivist of the United States,low
Chairman,low
Deputy Director,low
Special Inspector General,low
United States Attorney,low
Assistant Secretary of the Army,low
Ambassador,low
Chief of Mission,low
Commissioner,low
Member,low
Council Member,low
Assistant Secretary,low
General Counsel,low
Assistant Attorney General,low
Chief Financial Officer,low
Board Member,low
Commissioner,low
Librarian of Congress,low
Inspector General,low
United States Marshal,low
Commissioner,low
Chief of Mission,low
Commissioner Member,low
Assistant Administrator,low
Member,low
United States Marshal,low
United States Marshal,low
United States Marshal,low
Chairman,low
Member,low
United States Marshal,zero
Chairman,zero
Comptroller General of United States,zero
United States Attorney,zero
Inspector General,zero
Chief of Mission,zero
Chief of Mission,zero
Member,zero
Assistant Secretary,zero
Member,zero
Inspector General,zero
Deputy Chief Management Officer,zero
Secretary,zero
General Counsel,zero
Assistant Secretary,zero
Secretary,zero
Under Secretary of the Army,zero
Assistant Secretary of the Army,zero
Assistant Secretary of the Army,zero
Assistant Secretary of the Army,zero
Assistant Secretary of the Army,zero
General Counsel,zero
Under Secretary,zero
Assistant Secretary,zero
Assistant Secretary,zero
Deputy Secretary,zero
Assistant Secretary,zero
Assistant Secretary,zero
Assistant Secretary,zero
Assistant Secretary,zero
Commissioner of Education Statistics,zero
Assistant Secretary,zero
Inspector General,zero
Secretary,zero
"Under Secretary, Nuclear Security/Administrator for Nuclear Security",zero
"Under Secretary, Nuclear Security/Administrator for Nuclear Security",zero
Principal Deputy Administrator for National Nuclear Security,zero
Deputy Administrator for Defense Programs,zero
Deputy Administrator,zero
Director,zero
Assistant Secretary,zero
Assistant Secretary,zero
Assistant Secretary,zero
Under Secretary,zero
Assistant Secretary,zero
Assistant Secretary,zero
Under Secretary,zero
Under Secretary,zero
Deputy Secretary,zero
Assistant Secretary,zero
Deputy Secretary,zero
Under Secretary,zero
Director,zero
Director,zero
Assistant Secretary,zero
Commissioner,zero
Attorney General,zero
Deputy Attorney General,zero
Assistant Attorney General,zero
Assistant Attorney General,zero
Chairman,zero
Parole Commissioner,zero
Parole Commissioner,zero
United States Attorney,zero
United States Attorney,zero
United States Attorney,zero
United States Attorney,zero
United States Attorney,zero
United States Attorney,zero
United States Attorney,zero
United States Attorney,zero
United States Attorney,zero
United States Attorney,zero
United States Attorney,zero
United States Attorney,zero
United States Attorney,zero
United States Attorney,zero
United States Attorney,zero
United States Attorney,zero
United States Attorney,zero
United States Attorney,zero
United States Attorney,zero
United States Attorney,zero
United States Attorney,zero
United States Attorney,zero
United States Attorney,zero
United States Attorney,zero
United States Attorney,zero
United States Attorney,zero
United States Attorney,zero
United States Attorney,zero
United States Attorney,zero
United States Attorney,zero
United States Attorney,zero
United States Attorney,zero
United States Attorney,zero
United States Attorney,zero
United States Attorney,zero
United States Attorney,zero
United States Attorney,zero
United States Attorney,zero
United States Attorney,zero
United States Attorney,zero
United States Attorney,zero
United States Attorney,zero
United States Attorney,zero
United States Attorney,zero
United States Attorney,zero
United States Attorney,zero
United States Attorney,zero
United States Attorney,zero
United States Attorney,zero
United States Attorney,zero
United States Attorney,zero
United States Attorney,zero
United States Attorney,zero
United States Attorney,zero
United States Attorney,zero
United States Attorney,zero
United States Attorney,zero
United States Attorney,zero
United States Attorney,zero
United States Attorney,zero
United States Attorney,zero
United States Attorney,zero
United States Attorney,zero
United States Attorney,zero
United States Attorney,zero
United States Attorney,zero
United States Attorney,zero
Assistant Attorney General,zero
Assistant Attorney General,zero
Assistant Attorney General,zero
Director,zero
Director,zero
Director,zero
Member,zero
Solicitor General,zero
Director,zero
Administrator,zero
Deputy Administrator,zero
Director,zero
United States Marshal,zero
United States Marshal,zero
United States Marshal,zero
United States Marshal,zero
United States Marshal,zero
United States Marshal,zero
United States Marshal,zero
United States Marshal,zero
United States Marshal,zero
United States Marshal,zero
United States Marshal,zero
United States Marshal,zero
United States Marshal,zero
United States Marshal,zero
United States Marshal,zero
United States Marshal,zero
United States Marshal,zero
United States Marshal,zero
United States Marshal,zero
United States Marshal,zero
United States Marshal,zero
United States Marshal,zero
United States Marshal,zero
United States Marshal,zero
United States Marshal,zero
United States Marshal,zero
United States Marshal,zero
United States Marshal,zero
United States Marshal,zero
United States Marshal,zero
United States Marshal,zero
United States Marshal,zero
United States Marshal,zero
United States Marshal,zero
United States Marshal,zero
United States Marshal,zero
United States Marshal,zero
United States Marshal,zero
United States Marshal,zero
United States Marshal,zero
United States Marshal,zero
United States Marshal,zero
United States Marshal,zero
United States Marshal,zero
United States Marshal,zero
United States Marshal,zero
United States Marshal,zero
United States Marshal,zero
United States Marshal,zero
United States Marshal,zero
United States Marshal,zero
United States Marshal,zero
United States Marshal,zero
United States Marshal,zero
United States Marshal,zero
United States Marshal,zero
United States Marshal,zero
United States Marshal,zero
United States Marshal,zero
United States Marshal,zero
United States Marshal,zero
United States Marshal,zero
United States Marshal,zero
United States Marshal,zero
United States Marshal,zero
United States Marshal,zero
United States Marshal,zero
United States Marshal,zero
United States Marshal,zero
United States Marshal,zero
Inspector General,zero
Secretary,zero
Deputy Secretary,zero
Assistant Secretary,zero
Solicitor of Labor,zero
Chief Financial Officer,zero
Assistant Secretary,zero
Assistant Secretary,zero
Assistant Secretary,zero
Assistant Secretary,zero
Deputy Secretary,zero
Deputy Secretary,zero
Assistant Secretary,zero
Legal Adviser,zero
Assistant Secretary,zero
Assistant Secretary ,zero
Assistant Secretary,zero
Under Secretary,zero
Assistant Secretary,zero
Coordinator for Counter-Terrorism,zero
Assistant Secretary,zero
Ambassador,zero
Assistant Secretary,zero
Assistant Secretary,zero
Ambassador,zero
Ambassador,zero
Under Secretary,zero
Assistant Secretary,zero
Assistant Secretary,zero
Assistant Secretary,zero
Special Envoy,zero
Assistant Secretary,zero
Assistant Secretary,zero
Representative,zero
Representative,zero
Representative,zero
Representative,zero
Representative,zero
Representative,zero
Representative,zero
Representative,zero
Representative,zero
Representative,zero
Chief of Mission,zero
Chief of Mission,zero
Chief of Mission,zero
Chief of Mission,zero
Chief of Mission,zero
Chief of Mission,zero
Chief of Mission,zero
Chief of Mission,zero
Chief of Mission,zero
Chief of Mission,zero
Chief of Mission,zero
Chief of Mission,zero
Chief of Mission,zero
Chief of Mission,zero
Chief of Mission,zero
Chief of Mission,zero
Chief of Mission,zero
Chief of Mission,zero
Chief of Mission,zero
Chief of Mission,zero
Chief of Mission,zero
Chief of Mission,zero
Chief of Mission,zero
Chief of Mission,zero
Chief of Mission,zero
Chief of Mission,zero
Chief of Mission,zero
Chief of Mission,zero
Chief of Mission,zero
Chief of Mission,zero
Chief of Mission,zero
Chief of Mission,zero
Chief of Mission,zero
Chief of Mission,zero
Chief of Mission,zero
Chief of Mission,zero
Chief of Mission,zero
Chief of Mission,zero
Chief of Mission,zero
Chief of Mission,zero
Chief of Mission,zero
Chief of Mission,zero
Chief of Mission,zero
Chief of Mission,zero
Chief of Mission,zero
Chief of Mission,zero
Chief of Mission,zero
Chief of Mission,zero
Chief of Mission,zero
Chief of Mission,zero
Chief of Mission,zero
Chief of Mission,zero
Chief of Mission,zero
Chief of Mission,zero
Chief of Mission,zero
Chief of Mission,zero
Chief of Mission,zero
Chief of Mission,zero
Chief of Mission,zero
Chief of Mission,zero
Chief of Mission,zero
Chief of Mission,zero
Chief of Mission,zero
Chief of Mission,zero
Chief of Mission,zero
Chief of Mission,zero
Chief of Mission,zero
Chief of Mission,zero
Chief of Mission,zero
Chief of Mission,zero
Chief of Mission,zero
Chief of Mission,zero
Chief of Mission,zero
Chief of Mission,zero
Chief of Mission,zero
Chief of Mission,zero
Chief of Mission,zero
Chief of Mission,zero
Chief of Mission,zero
Chief of Mission,zero
Chief of Mission,zero
Chief of Mission,zero
Chief of Mission,zero
Chief of Mission,zero
Chief of Mission,zero
Chief of Mission,zero
Chief of Mission,zero
Chief of Mission,zero
Chief of Mission,zero
Chief of Mission,zero
Chief of Mission,zero
Chief of Mission,zero
Chief of Mission,zero
Chief of Mission,zero
Chief of Mission,zero
Chief of Mission,zero
Chief of Mission,zero
Chief of Mission,zero
Chief of Mission,zero
Chief of Mission,zero
Chief of Mission,zero
Chief of Mission,zero
Chief of Mission,zero
Chief of Mission,zero
Chief of Mission,zero
Chief of Mission,zero
Chief of Mission,zero
Chief of Mission,zero
Chief of Mission,zero
Chief of Mission,zero
Chief of Mission,zero
Chief of Mission,zero
Chief of Mission,zero
Chief of Mission,zero
Chief of Mission,zero
Chief of Mission,zero
Chief of Mission,zero
Chief of Mission,zero
Chief of Mission,zero
Chief of Mission,zero
Chief of Mission,zero
Chief of Mission,zero
Chief of Mission,zero
Chief of Mission,zero
Chief of Mission,zero
Chief of Mission,zero
Chief of Mission,zero
Chief of Mission,zero
Chief of Mission,zero
Chief of Mission,zero
Chief of Mission,zero
Chief of Mission,zero
Chief of Mission,zero
Chief of Mission,zero
Chief of Mission,zero
Chief of Mission,zero
Chief of Mission,zero
Chief of Mission,zero
Chief of Mission,zero
Chief of Mission,zero
Under Secretary,zero
Assistant Secretary,zero
Assistant Secretary,zero
Assistant Secretary,zero
Director,zero
Assistant Secretary,zero
Chief Financial Officer,zero
Director,zero
Special Representative,zero
Coordinator,zero
Assistant Secretary,zero
Assistant Secretary,zero
Assistant Secretary,zero
General Counsel,zero
Assistant Secretary,zero
Assistant Secretary,zero
Deputy Administrator,zero
Administrator,zero
Administrator,zero
Administrator,zero
Administrator,zero
Director,zero
Administrator,zero
Chairman,zero
Vice Chairman,zero
Board Member,zero
Inspector General,zero
Secretary,zero
Under Secretary,zero
Under Secretary,zero
Assistant Secretary,zero
Under Secretary,zero
Member,zero
Under Secretary ,zero
Assistant Secretary,zero
Assistant Secretary,zero
Deputy Under Secretary,zero
Assistant Secretary,zero
Assistant Secretary,zero
Treasurer,zero
Chief Counsel,zero
Member,zero
Member,zero
Member,zero
Member,zero
Member,zero
Comptroller of the Currency,zero
Inspector General,zero
Inspector General,zero
Secretary,zero
Deputy Secretary,zero
Assistant Secretary,zero
Assistant Secretary,zero
Assistant Secretary,zero
Assistant Secretary,zero
Under Secretary,zero
Under Secretary,zero
Under Secretary,zero
Inspector General,zero
Chairman,zero
Chairman,zero
Member,zero
Member,zero
Member,zero
Member,zero
Member,zero
Member,zero
Member,zero
Member,zero
Member,zero
Member,zero
Director,zero
Statutory Inspector General,zero
General Counsel,zero
Board Chairperson,zero
Board Member,zero
Commissioner,zero
Director,zero
Commissioner,zero
Commissioner,zero
Member,zero
Member,zero
Member,zero
Member,zero
Member,zero
Member,zero
Member,zero
Chief Executive Officer,zero
Director,zero
Assistant Secretary,zero
Vice Chairman,zero
Member,zero
Administrator,zero
Chief Financial Officer,zero
Assistant Administrator,zero
Assistant Administrator,zero
Assistant Administrator,zero
General Counsel,zero
Assistant Administrator,zero
Assistant Administrator,zero
Inspector General,zero
Commissioner,zero
General Counsel,zero
President and Chairman,zero
First Vice President and Vice Chairman,zero
Member,zero
Member,zero
Inspector General,zero
Member,zero
Member,zero
Commissioner,zero
Commissioner,zero
Vice Chairman,zero
Member of the Board of Directors,zero
Commissioner Member,zero
Commissioner Member,zero
Commissioner Member,zero
Commissioner Member,zero
Member,zero
Member,zero
Member,zero
Chairman,zero
General Counsel,zero
Chairman,zero
Member,zero
Member,zero
Director,zero
Commissioner,zero
Commissioner,zero
Commissioner,zero
Vice Chairman,zero
Governor,zero
Governor,zero
Governor,zero
Governor,zero
Board Chairman,zero
Board Member,zero
Board Member,zero
Board Member,zero
Board Member,zero
Commissioner,zero
Commissioner,zero
Commissioner,zero
Under Secretary,zero
Under Secretary,zero
Inspector General,zero
Board Member (Chair),zero
Board Member (Vice Chair),zero
Board Member,zero
Board Member,zero
Board Member,zero
Commissioner (Chair),zero
Commissioner,zero
Trustee,zero
Trustee,zero
Trustee,zero
Trustee,zero
Trustee,zero
Trustee,zero
Trustee,zero
Trustee,zero
Trustee,zero
Trustee,zero
Trustee,zero
Trustee,zero
Trustee,zero
Trustee,zero
Trustee,zero
Trustee,zero
Trustee,zero
Trustee,zero
Trustee,zero
Trustee,zero
Chairman,zero
Commissioner,zero
Commissioner,zero
Chairman,zero
Vice Chairman,zero
Member,zero
Board Member,zero
Chief Executive Officer,zero
Trustee,zero
Trustee,zero
Trustee,zero
Trustee,zero
Trustee,zero
Trustee,zero
Administrator,zero
Inspector General,zero
Chief Financial Officer,zero
Inspector General,zero
Chairman,zero
Member,zero
Member,zero
Member,zero
Member,zero
Member,zero
Member,zero
Member,zero
Member,zero
Chairman,zero
Director,zero
Member,zero
Member,zero
Member,zero
Member,zero
Member,zero
Member,zero
Member,zero
Member,zero
Member,zero
Member,zero
Member,zero
Member,zero
Member,zero
Member,zero
Chairman,zero
Chairman,zero
Council Member,zero
Council Member,zero
Council Member,zero
Council Member,zero
Council Member,zero
Council Member,zero
Council Member,zero
Council Member,zero
Council Member,zero
Council Member,zero
Council Member,zero
Council Member,zero
Council Member,zero
Council Member,zero
Council Member,zero
Council Member,zero
Council Member,zero
Council Member,zero
Council Member,zero
Chairman,zero
Board Member,zero
Board Member,zero
Board Member,zero
Board Member,zero
Acting General Counsel,zero
Director,zero
Under Secretary,zero
Assistant Secretary,zero
Principal Deputy Under Secretary,zero
Assistant Secretary,zero
Chairman,zero
Vice Chairman,zero
Member,zero
Member,zero
Chairman,zero
Assistant Secretary,zero
Assistant Secretary,zero
Commissioner,zero
Commissioner,zero
Federal Coordinator,zero
Director,zero
Inspector General,zero
Director,zero
Principal Deputy Director,zero
Director,zero
Intelligence Community Inspector General,zero
General Counsel,zero
President,zero
Board Member,zero
Board Member,zero
Board Member,zero
Board Member,zero
Director,zero
Chairman,zero
Commissioner,zero
Commissioner,zero
Chairman,zero
Member of Board,zero
Chairman,zero
Commissioner,zero
Commissioner,zero
Commissioner,zero
Director,zero
Administrator,zero
Commissioner,zero
Deputy Commissione,zero
Chairman,zero
Member,zero
Member,zero
Member,zero
Member,zero
Inspector General,zero
Administrator,zero
Deputy Administrator,zero
Assistant Administrator,zero
Assistant Administrator,zero
Assistant Administrator,zero
Chairman of the Board of Directors,zero
Member of the Board of Directors,zero
Member of the Board of Directors,zero
Member of the Board of Directors,zero
Member of the Board of Directors,zero
Member of the Board of Directors,zero
Member of the Board of Directors,zero
Member of the Board of Directors,zero
Chairman,zero
Commissioner,zero
Commissioner,zero
Commissioner,zero
Commissioner,zero
Board of Governors,zero
Board of Governors,zero
Board of Governors,zero
Director,zero
Board of Governors,zero
Architect of the Capitol,zero
Under Secretary ,zero
Assistant Secretary,zero
Administrator,zero
Administrator,zero
Controller,zero
Chairman,zero
Deputy,zero
Deputy,zero
Assistant to the President for Science and Technology,zero
Assistant to the President and Chief Technology Officer,zero
Director,zero
Deputy Director,zero
Assistant Secretary,zero
Director,zero
Under Secretary,zero
Under Secretary,zero
Assistant Secretary,zero
Assistant Secretary,zero
General Counsel,zero
Under Secretary,zero
Under Secretary,zero
Under Secretary of Defense,zero
Assistant Secretary,zero
Assistant Secretary,zero
Assistant Secretary,zero
Assistant Secretary,zero
Assistant Secretary,zero
Commissioner,zero
Commissioner,zero